City,Cloudiness,Country,Date,Humidity,Lat,Lng,Max Temp,Wind Speed
Fairbanks,1,US,1617714199,76,64.8378,-147.7164,-5.01,3.44
Barreirinhas,12,BR,1617714043,62,-2.7469,-42.8264,85.42,8.79
Ketchikan,100,US,1617714200,97,55.3422,-131.6461,38.66,3.96
Puerto Escondido,40,MX,1617714200,83,15.85,-97.0667,75.2,6.91
Ixtapa,20,MX,1617714200,88,20.7,-105.2,68.0,3.38
San Juan Evangelista,75,MX,1617714201,94,17.9,-95.1333,78.8,3.51
Ribeira Grande,40,PT,1617714201,72,38.5167,-28.7,66.2,18.41
Mar del Plata,90,AR,1617714157,100,-38.0023,-57.5575,72.0,6.91
Prince Rupert,90,CA,1617714004,93,54.3161,-130.3201,39.2,6.91
Ushuaia,40,AR,1617714034,53,-54.8,-68.3,48.2,12.66
Mangan,50,IN,1617714202,41,27.5167,88.5333,70.74,2.06
Springdale,1,US,1617714138,94,36.1867,-94.1288,63.0,5.75
Souillac,40,MU,1617714202,70,-20.5167,57.5167,86.0,8.05
Avarua,40,CK,1617714203,74,-21.2078,-159.775,80.6,13.8
Maragogi,100,BR,1617714203,60,-9.0122,-35.2225,83.35,9.08
Cabo San Lucas,1,MX,1617714001,26,22.8909,-109.9124,71.6,9.22
Cape Town,0,ZA,1617714203,41,-33.9258,18.4232,78.01,8.05
Asău,100,RO,1617714204,18,46.4333,26.4,60.01,7.27
Aksarka,44,RU,1617714204,92,66.5606,67.7975,26.02,10.27
Mporokoso,68,ZM,1617714204,77,-9.3727,30.125,72.63,5.99
Rikitea,100,PF,1617714205,73,-23.1203,-134.9692,77.27,13.8
Lucea,20,JM,1617714205,73,18.451,-78.1736,81.0,16.11
Saint-Philippe,55,RE,1617714206,70,-21.3585,55.7679,84.2,11.5
Lüderitz,0,NA,1617714206,61,-26.6481,15.1594,72.07,21.56
Barrow,20,US,1617714206,71,71.2906,-156.7887,-7.6,6.91
Porto Santo,20,PT,1617714207,68,33.072,-16.3415,66.2,10.36
Poya,100,NC,1617714207,77,-21.35,165.15,72.66,6.13
São José da Coroa Grande,100,BR,1617714207,61,-8.8978,-35.1478,83.3,8.93
Wad Medani,9,SD,1617714208,3,14.4012,33.5199,102.42,8.68
Gamba,100,GA,1617714113,72,-2.65,10.0,83.46,10.29
Upernavik,100,GL,1617714208,92,72.7868,-56.1549,12.22,8.59
Puerto Ayora,17,EC,1617714209,95,-0.7393,-90.3518,75.0,5.68
New Norfolk,20,AU,1617714209,76,-42.7826,147.0587,57.99,1.01
Saraland,20,US,1617714209,100,30.8207,-88.0706,62.6,5.75
Borjomi,99,GE,1617714210,70,41.8527,43.4128,54.84,4.07
Leningradskiy,99,RU,1617714210,98,69.3833,178.4167,-15.34,5.28
Port Alfred,100,ZA,1617714210,75,-33.5906,26.891,65.8,17.43
Saint-Joseph,52,RE,1617714210,70,-21.3667,55.6167,84.2,11.5
Butaritari,100,KI,1617714211,77,3.0707,172.7902,78.49,8.39
Cherskiy,47,RU,1617714211,100,68.75,161.3,-26.55,3.2
Vao,61,NC,1617714211,71,-22.6667,167.4833,75.52,23.73
Alta Floresta,100,BR,1617714212,84,-9.8756,-56.0861,78.22,1.68
Chui,0,UY,1617714212,71,-33.6971,-53.4616,73.92,7.2
Thompson,90,CA,1617714212,93,55.7435,-97.8558,28.4,12.66
Kenai,1,US,1617714213,66,60.5544,-151.2583,8.6,8.32
Bethel,1,US,1617714062,37,41.3712,-73.414,48.2,3.44
Hakkâri Province,75,TR,1617714213,30,37.5833,44.1667,57.2,16.11
Sooke,68,CA,1617714214,86,48.3746,-123.7276,42.8,11.5
Tuktoyaktuk,100,CA,1617714214,98,69.4541,-133.0374,-6.61,10.36
Bredasdorp,100,ZA,1617714214,53,-34.5322,20.0403,73.4,18.41
Kapaa,40,US,1617714214,64,22.0752,-159.319,73.4,19.57
Ipirá,66,BR,1617714215,50,-12.1583,-39.7372,84.31,8.66
Port Elizabeth,90,ZA,1617714202,77,-33.918,25.5701,66.2,14.97
Ilulissat,75,GL,1617714215,79,69.2167,-51.1,21.2,9.22
Mataura,92,NZ,1617714216,87,-46.1927,168.8643,54.0,11.01
Koumac,100,NC,1617714216,78,-20.5667,164.2833,74.73,6.96
Busselton,80,AU,1617714216,84,-33.65,115.3333,65.8,4.9
George Town,40,MY,1617714094,83,5.4112,100.3354,82.4,5.75
Kasongo-Lunda,100,CD,1617714134,64,-6.4667,16.8167,83.55,1.72
Dikson,18,RU,1617714217,98,73.5069,80.5464,0.36,6.17
Castro,94,BR,1617714217,70,-24.7911,-50.0119,66.83,5.46
Punta Arenas,90,CL,1617714174,76,-53.15,-70.9167,48.2,9.22
Bluff,99,NZ,1617714218,87,-46.6,168.3333,54.0,11.01
Caloundra,100,AU,1617714218,97,-26.8,153.1333,69.01,5.01
El Real de Santa Maria,98,PA,1617714218,95,8.109,-77.7325,76.87,0.74
Oktyabr'skiy,94,RU,1617714219,93,54.4815,53.471,35.17,12.84
Nizwá,0,OM,1617714219,4,22.9333,57.5333,95.59,10.85
Sri Aman,90,MY,1617714220,89,1.2376,111.4621,78.8,2.37
Norman Wells,40,CA,1617714220,84,65.282,-126.8329,-13.0,4.61
Saint-Augustin,100,CA,1617714220,99,51.226,-58.6502,39.97,16.84
Mahébourg,40,MU,1617714220,70,-20.4081,57.7,86.0,8.05
Winsum,99,NL,1617714221,65,53.33,6.5208,44.01,8.99
Saskylakh,100,RU,1617714221,86,71.9167,114.0833,10.89,14.43
Jega,75,NG,1617713949,6,12.2175,4.3792,105.62,6.49
Provideniya,77,RU,1617714222,90,64.3833,-173.3,0.3,10.09
Bengkulu,100,ID,1617714222,83,-3.8004,102.2655,77.76,3.94
Portland,1,US,1617714120,75,45.5234,-122.6762,37.99,1.79
Juneau,90,US,1617714024,80,58.3019,-134.4197,35.6,3.44
Pisco,63,PE,1617714223,78,-13.7,-76.2167,69.8,3.44
Kaitangata,22,NZ,1617714223,71,-46.2817,169.8464,55.99,8.99
Smidovich,99,RU,1617714223,47,48.6,133.8167,34.05,15.5
East London,40,ZA,1617714224,77,-33.0153,27.9116,66.2,6.91
Manokwari,100,ID,1617714224,81,-0.8667,134.0833,80.04,7.47
Lagoa,99,PT,1617714224,90,39.05,-27.9833,58.69,21.0
Fortuna,1,US,1617713926,100,40.5982,-124.1573,39.99,9.22
Hilo,90,US,1617714138,88,19.7297,-155.09,66.2,6.91
Forbes,66,AU,1617714225,61,-33.3833,148.0167,71.01,1.99
Chul'man,100,RU,1617714225,96,56.8479,124.9104,-8.99,2.8
Davila,20,PH,1617714226,54,18.4726,120.5763,84.2,4.61
Tepalcatepec,3,MX,1617714226,75,19.1833,-102.85,68.31,0.45
San Jerónimo,95,PE,1617714226,79,-11.9472,-75.2829,51.48,0.98
Vaini,20,TO,1617714227,94,-21.2,-175.2,73.4,8.68
Banda Aceh,100,ID,1617714227,82,5.5577,95.3222,80.1,8.3
Capreol,90,CA,1617714227,51,46.706,-80.9225,41.0,8.05
Santiago del Estero,72,AR,1617714228,80,-27.7951,-64.2615,73.92,6.85
Nanortalik,100,GL,1617714228,95,60.1432,-45.2371,36.0,4.05
Albany,1,US,1617714024,32,42.6001,-73.9662,46.99,1.99
Bilibino,83,RU,1617714228,99,68.0546,166.4372,-19.75,4.0
Atuona,73,PF,1617714055,79,-9.8,-139.0333,79.97,9.31
Esperance,90,AU,1617714229,94,-33.8667,121.9,66.2,5.75
Chu,35,KZ,1617714229,60,43.5983,73.7614,54.1,12.17
Chihuahua,40,MX,1617714201,33,28.5,-106.0,59.0,10.36
Caravelas,21,BR,1617714230,56,-17.7125,-39.2481,82.76,9.95
Tevaitoa,100,PF,1617714230,67,-16.7833,-151.5,79.95,9.4
Geraldton,100,AU,1617714230,78,-28.7667,114.6,71.6,8.05
Lebu,100,CL,1617714231,94,-37.6167,-73.65,55.38,10.94
Boden,75,SE,1617714231,86,65.8252,21.6886,33.8,11.5
Kumul,31,CN,1617714231,20,42.8,93.45,63.5,8.68
Sørland,75,NO,1617714232,70,67.667,12.6934,39.2,37.98
Laguna,1,US,1617714232,87,38.421,-121.4238,48.0,4.61
Fort Nelson,90,CA,1617714232,80,58.8053,-122.7002,28.4,8.05
Mehamn,75,NO,1617714233,75,71.0357,27.8492,35.6,28.77
Tigil',100,RU,1617714233,94,57.8,158.6667,13.39,2.84
Huarmey,86,PE,1617714071,82,-10.0681,-78.1522,71.73,6.02
Ormara,0,PK,1617714073,70,25.2088,64.6357,81.3,16.37
Guerrero Negro,100,MX,1617714234,86,27.9769,-114.0611,59.67,11.99
Sisophon,60,KH,1617714234,67,13.5859,102.9737,84.78,7.18
Talnakh,100,RU,1617714234,98,69.4865,88.3972,30.15,3.36
Weligama,2,LK,1617714235,81,5.9667,80.4167,79.65,3.44
Klaksvík,75,FO,1617714235,69,62.2266,-6.589,28.4,31.07
Leer,83,SS,1617714235,17,8.3018,30.1418,103.68,4.45
Tuatapere,100,NZ,1617714236,87,-46.1333,167.6833,54.0,11.01
El Guantillo,75,HN,1617714236,82,14.6,-87.3,64.4,5.75
Alofi,90,NU,1617714236,94,-19.0595,-169.9187,75.2,3.44
Gazojak,3,TM,1617714237,23,41.1875,61.4036,68.36,12.62
Warah,0,PK,1617714108,6,27.4481,67.7978,100.92,16.84
Clyde River,1,CA,1617714237,72,70.4692,-68.5914,8.6,10.36
Jamestown,20,US,1617714020,65,42.097,-79.2353,48.0,3.44
Noumea,0,NC,1617714187,78,-22.2763,166.4572,71.6,3.44
Cidreira,41,BR,1617714238,69,-30.1811,-50.2056,75.42,9.86
Chicama,90,PE,1617714238,94,-7.8447,-79.1469,66.2,9.22
Katherine,14,AU,1617714238,78,-14.4667,132.2667,75.2,2.44
Jacareacanga,75,BR,1617714193,100,-6.2222,-57.7528,75.2,2.3
Khatanga,92,RU,1617714239,97,71.9667,102.5,6.6,6.85
Husavik,75,IS,1617714239,63,66.0449,-17.3389,19.4,2.3
Rome,1,US,1617714239,75,43.2128,-75.4557,42.01,5.55
Port Augusta,0,AU,1617714240,77,-32.5,137.7667,64.4,5.75
Atar,6,MR,1617714240,10,20.5169,-13.0499,96.03,7.81
Hamilton,75,US,1617714240,58,39.1834,-84.5333,61.0,3.44
Umm Kaddadah,0,SD,1617714241,3,13.6017,26.6876,100.58,11.97
Ruteng,100,ID,1617714241,92,-8.6136,120.4721,63.45,2.98
Brae,90,GB,1617714241,86,60.3964,-1.353,33.8,35.68
Chokurdakh,59,RU,1617714242,95,70.6333,147.9167,-26.21,3.02
Phon,61,TH,1617714242,99,15.816,102.5998,86.0,6.26
Houma,90,US,1617714242,94,29.5958,-90.7195,66.99,4.14
Kampong Thom,15,KH,1617714243,49,12.7111,104.8887,87.89,5.61
Puerto del Rosario,20,ES,1617714243,49,28.5004,-13.8627,71.6,16.11
Hermanus,97,ZA,1617714243,66,-34.4187,19.2345,73.0,8.99
Obo,100,CF,1617714244,31,5.3998,26.4869,94.77,2.68
Arraial do Cabo,40,BR,1617714244,88,-22.9661,-42.0278,71.6,8.05
Lewiston,75,US,1617713948,70,44.1003,-70.2148,46.0,5.75
Berlevåg,40,NO,1617714244,75,70.8578,29.0864,35.6,17.27
Saint Paul Harbor,90,US,1617714245,55,57.79,-152.4072,33.8,7.63
Tautira,20,PF,1617714133,69,-17.7333,-149.15,77.0,3.44
Richards Bay,60,ZA,1617714245,78,-28.783,32.0377,75.15,5.48
Nizhniy Kuranakh,100,RU,1617714246,96,58.8353,125.4869,2.82,2.59
São Filipe,0,CV,1617714246,57,14.8961,-24.4956,78.51,10.36
Shimoda,100,JP,1617714246,79,34.6667,138.95,55.0,12.73
Gobabis,95,NA,1617714247,31,-22.45,18.9667,80.83,7.05
Innisfail,98,AU,1617714247,91,-17.5333,146.0333,75.87,2.8
Haines Junction,100,CA,1617714247,79,60.7522,-137.5108,15.8,6.91
Boddam,75,GB,1617714248,80,57.4667,-1.7833,36.0,19.57
Sobolevo,100,RU,1617714248,49,54.4299,31.8996,42.64,10.07
Leh,100,IN,1617714193,68,34.1667,77.5833,37.42,2.28
Tomatlán,0,MX,1617714248,81,19.9333,-105.25,62.78,3.87
Hay River,100,CA,1617714005,86,60.8156,-115.7999,23.0,8.05
Torbay,90,CA,1617714249,100,47.6666,-52.7314,41.0,19.57
Chapada dos Guimarães,0,BR,1617714249,88,-15.4606,-55.7497,77.0,3.44
Te Anau,100,NZ,1617714107,93,-45.4167,167.7167,47.8,0.51
Kruisfontein,98,ZA,1617714250,80,-34.0033,24.7314,66.0,5.99
Sinnamary,32,GF,1617714250,83,5.3833,-52.95,80.62,10.16
Deputatsky,98,RU,1617714251,99,69.3,139.9,-11.99,2.59
El Batey,90,DO,1617714023,100,19.7667,-70.5167,69.8,12.64
Hithadhoo,52,MV,1617714251,65,-0.6,73.0833,83.52,9.66
Tiksi,51,RU,1617714252,97,71.6872,128.8694,-17.05,5.01
Sisimiut,100,GL,1617714252,84,66.9395,-53.6735,25.68,16.22
Pacasmayo,100,PE,1617714252,83,-7.4006,-79.5714,70.88,7.76
Gigmoto,99,PH,1617714253,80,13.7796,124.39,77.81,10.85
Aklavik,100,CA,1617714253,77,68.2191,-135.0107,-13.0,2.3
Hobart,75,AU,1617714154,88,-42.8794,147.3294,57.99,0.72
Qaanaaq,100,GL,1617714253,75,77.484,-69.3632,1.45,0.38
Balsas,33,BR,1617714196,68,-7.5325,-46.0356,82.63,9.66
Saint George,1,US,1617714020,26,37.1041,-113.5841,54.0,9.22
Labuhan,100,ID,1617714254,84,-6.8844,112.2051,81.14,7.76
Ambon City,99,ID,1617714254,77,-3.6954,128.1814,82.29,5.93
Resavica,95,RS,1617714255,34,44.0408,21.5816,55.0,10.4
Severo-Kuril'sk,58,RU,1617714255,73,50.6789,156.125,26.38,17.76
Esim,77,GH,1617714209,67,4.8699,-2.2405,86.63,8.61
Nipawin,90,CA,1617714255,86,53.3668,-104.0009,32.0,5.75
Kuril'sk,100,RU,1617714256,75,45.2333,147.8833,29.1,9.4
Bambous Virieux,40,MU,1617714256,70,-20.3428,57.7575,86.0,8.05
Qui Nhon,100,VN,1617714125,89,13.7667,109.2333,77.04,6.35
Belaya Gora,100,RU,1617714257,99,68.5333,146.4167,-8.99,1.7
Namatanai,100,PG,1617714257,83,-3.6667,152.4333,79.56,4.45
Zhuhai,20,CN,1617714257,83,22.2769,113.5678,80.01,10.36
Boffa,75,GN,1617714258,46,10.1667,-14.0333,93.61,9.71
Eséka,86,CM,1617714258,57,3.65,10.7667,89.42,7.16
Kemijärvi,99,FI,1617714258,75,66.7131,27.4306,33.89,11.54
Yulara,0,AU,1617714259,29,-25.2406,130.9889,75.2,5.75
Hong Kong,53,HK,1617714016,80,22.2855,114.1577,75.0,13.4
Vestmannaeyjar,20,IS,1617714259,43,63.4427,-20.2734,28.4,10.36
Port Lincoln,0,AU,1617714260,73,-34.7333,135.8667,64.9,12.03
Kilindoni,100,TZ,1617714260,84,-7.9139,39.6668,79.79,18.43
Rocha,0,UY,1617714260,82,-34.4833,-54.3333,72.21,6.73
Pierre,75,US,1617714017,49,44.3683,-100.351,46.0,24.16
Atmakūr,35,IN,1617714261,23,15.8833,78.5833,95.22,11.77
Kurumkan,53,RU,1617714261,73,54.3,110.3,28.74,5.23
Tommot,97,RU,1617714262,96,58.9564,126.2925,-3.33,1.95
Ukiah,20,US,1617714262,87,39.1502,-123.2078,42.01,1.19
Viedma,100,AR,1617714262,57,-40.8135,-62.9967,75.11,14.79
Nālūt,0,LY,1617714263,23,30.3333,10.85,72.55,6.44
Sarakhs,0,IR,1617714263,16,36.5449,61.1577,84.2,6.91
Avera,1,US,1617714263,63,33.194,-82.5271,59.0,8.05
Wuwei,100,CN,1617714264,46,37.9281,102.6414,50.34,6.02
Pontes e Lacerda,65,BR,1617714264,74,-15.2261,-59.3353,81.37,1.36
Grand-Lahou,82,CI,1617714075,69,5.1367,-5.0242,85.71,7.87
Codrington,11,AU,1617714264,92,-38.2667,141.9667,54.48,7.4
Rahimatpur,22,IN,1617714265,13,17.6,74.2,95.65,1.19
Hualmay,73,PE,1617714077,81,-11.0964,-77.6139,71.11,7.56
Lima,17,PE,1617714026,88,-12.0432,-77.0282,69.01,5.75
Xiangxiang,100,CN,1617714265,96,27.7333,112.5333,52.95,3.51
Puerto Madero,90,MX,1617714266,94,14.7208,-92.4215,75.2,2.62
Kavieng,96,PG,1617714266,78,-2.5744,150.7967,81.18,4.34
Umeå,0,SE,1617714266,75,63.8284,20.2597,37.4,11.5
Ziro,20,IN,1617714267,58,27.6333,93.8333,84.2,0.58
Donskoye,40,RU,1617714267,50,45.4552,41.9741,51.8,8.95
Mason City,1,US,1617714267,88,43.1536,-93.201,60.01,6.91
Xiongzhou,100,CN,1617714268,63,25.1167,114.3,74.5,5.03
Fuyang,100,CN,1617714268,71,32.9,115.8167,56.88,4.38
Baraboo,75,US,1617714268,77,43.4711,-89.7443,61.0,4.61
Yamada,100,JP,1617714269,74,39.4667,141.95,37.89,2.82
Nikolskoye,75,RU,1617714269,52,59.7035,30.7861,39.2,8.95
Iqaluit,90,CA,1617714056,85,63.7506,-68.5145,12.2,5.75
Lorengau,36,PG,1617714269,81,-2.0226,147.2712,80.96,7.87
Bemidji,1,US,1617714201,80,47.4736,-94.8803,37.99,6.91
Ust-Maya,100,RU,1617714270,95,60.4167,134.5333,0.61,3.42
Antalaha,20,MG,1617714270,69,-14.9003,50.2788,83.95,6.58
Halifax,90,CA,1617714231,100,44.6453,-63.5724,43.0,10.36
College,20,US,1617714271,76,64.8569,-147.8028,-5.01,2.04
Kirakira,93,SB,1617714271,82,-10.4544,161.9205,79.86,6.02
Lidzbark Warmiński,100,PL,1617714072,64,54.1259,20.5795,38.62,13.42
Raudeberg,100,NO,1617714271,84,61.9875,5.1352,42.01,22.5
Yārāda,20,IN,1617714272,74,17.65,83.2667,84.2,5.75
Ola,100,RU,1617714272,95,59.5833,151.2833,18.45,1.57
Nome,90,US,1617714272,73,64.5011,-165.4064,12.2,11.5
Batemans Bay,52,AU,1617714273,90,-35.7167,150.1833,70.0,5.99
Manaure,100,CO,1617714273,73,11.7751,-72.4445,80.71,14.52
Sos'va,87,RU,1617714273,77,59.1766,61.8558,40.48,7.45
Maunabo,100,PR,1617714274,83,18.0072,-65.8993,79.0,1.99
Maceió,40,BR,1617714026,61,-9.6658,-35.7353,84.2,5.75
Vila Velha,20,BR,1617714274,57,-20.3297,-40.2925,82.4,6.91
Anaconda,90,US,1617714274,74,46.1285,-112.9423,32.0,8.05
Korla,69,CN,1617714275,22,41.7597,86.1469,59.05,10.38
Eston,20,CA,1617714275,86,51.1501,-108.7514,28.4,4.61
Novozaimka,83,RU,1617714275,81,56.4857,66.9241,36.82,14.05
Lavrentiya,24,RU,1617714276,96,65.5833,-171.0,-8.88,8.9
Olafsvik,100,IS,1617714276,63,64.8945,-23.7142,26.28,3.49
Arman',100,RU,1617714276,92,59.7,150.1667,16.56,2.8
Chkalovskoye,97,RU,1617714277,45,44.8392,133.0436,42.33,11.61
Eyl,53,SO,1617714137,46,7.9803,49.8164,84.67,14.63
Khorixas,6,NA,1617714277,23,-20.3667,14.9667,91.24,6.8
Nabire,99,ID,1617714277,90,-3.3667,135.4833,78.28,2.89
Southbridge,10,US,1617714278,54,42.0751,-72.0334,50.0,3.0
Santa Cruz de la Sierra,75,BO,1617714151,88,-17.8,-63.1667,75.2,6.91
Tasiilaq,90,GL,1617714278,79,65.6145,-37.6368,21.2,4.61
Hofn,13,IS,1617714071,51,64.2539,-15.2082,23.81,16.51
Presidente Médici,100,BR,1617714279,88,-11.1753,-61.9014,78.03,1.41
Straumen,75,NO,1617714279,87,63.8709,11.2999,41.0,13.8
Vila Franca do Campo,75,PT,1617714279,94,37.7167,-25.4333,62.6,12.66
Half Moon Bay,90,US,1617714280,81,37.4636,-122.4286,50.0,3.4
‘Ewa Beach,1,US,1617714280,73,21.3156,-158.0072,71.6,4.61
Sterling,20,US,1617714244,48,39.0062,-77.4286,60.8,1.79
Honiara,100,SB,1617714281,87,-9.4333,159.95,78.8,3.47
Sangar,40,RU,1617714281,99,63.9242,127.4739,-15.99,2.51
Pevek,100,RU,1617714281,100,69.7008,170.3133,-20.38,5.59
Freeport,1,US,1617714282,28,40.6576,-73.5832,53.6,13.8
Ostrovnoy,100,RU,1617714282,97,68.0531,39.5131,34.75,21.34
Kapoeta,100,SS,1617714282,49,4.7717,33.5903,84.85,11.77
Belorechensk,40,RU,1617714283,55,44.76,39.87,60.8,15.66
Mount Gambier,0,AU,1617714241,93,-37.8333,140.7667,51.8,4.61
Narsaq,75,GL,1617714283,81,60.9167,-46.05,37.4,5.75
Chippewa Falls,99,US,1617714016,98,44.9369,-91.3929,59.0,5.21
Kemin,100,KG,1617714284,80,42.7846,75.6892,45.79,4.65
Huangmei,100,CN,1617714284,65,30.1924,116.025,59.99,4.68
Waingapu,100,ID,1617714284,86,-9.6567,120.2641,77.63,18.5
Mamlyutka,0,KZ,1617714285,80,54.9375,68.5394,35.6,20.13
Broken Hill,0,AU,1617714285,26,-31.95,141.4333,69.8,11.5
Grenå,40,DK,1617714285,46,56.4158,10.8783,46.4,23.02
Bathsheba,75,BB,1617714068,61,13.2167,-59.5167,82.4,16.11
Nhulunbuy,67,AU,1617714286,83,-12.2333,136.7667,73.4,4.43
Pozo Colorado,100,PY,1617714286,42,-23.4923,-58.7972,83.66,5.66
Aranos,95,NA,1617714286,22,-24.1333,19.1167,85.77,4.34
Farafangana,11,MG,1617714287,70,-22.8167,47.8333,80.06,10.33
Mazara del Vallo,40,IT,1617714287,77,37.6641,12.588,64.4,19.57
Iberia,1,US,1617714287,94,29.9502,-91.7507,64.99,8.05
Mizdah,0,LY,1617714288,29,31.4451,12.9801,71.44,8.25
Ginir,96,ET,1617714288,56,7.1333,40.7,70.43,9.06
Cotacachi,40,EC,1617714288,88,0.3,-78.2667,55.4,2.3
Bhānder,93,IN,1617714289,8,25.7333,78.75,101.98,13.96
Padang,40,ID,1617714289,83,-0.9492,100.3543,82.4,3.44
Palauig,99,PH,1617714289,77,15.435,119.9045,80.98,3.42
Ancud,90,CL,1617714290,100,-41.8697,-73.8203,57.0,11.5
Tandil,21,AR,1617714003,93,-37.3217,-59.1332,68.0,1.01
Biloela,89,AU,1617714290,88,-24.4167,150.5,71.28,7.09
Port Hardy,90,CA,1617714199,93,50.6996,-127.4199,41.0,2.06
Slobidka,67,UA,1617714291,43,47.8869,29.3461,55.45,17.13
Tura,0,IN,1617714291,17,25.5198,90.2201,78.03,3.2
Coahuayana Viejo,40,MX,1617714291,88,18.7333,-103.6833,66.2,3.71
Tarko-Sale,100,RU,1617714292,99,64.9225,77.785,32.45,4.74
Upington,0,ZA,1617714292,19,-28.4478,21.2561,89.6,2.3
Gimli,12,CA,1617714293,80,50.6336,-96.9907,30.2,8.05
Kokopo,92,PG,1617714293,83,-4.352,152.2633,78.67,4.52
Tabou,97,CI,1617714293,70,4.423,-7.3528,85.12,7.67
Udon Thani,20,TH,1617714294,58,17.3333,102.8333,90.0,5.75
Isangel,70,VU,1617714294,80,-19.55,169.2667,76.23,11.48
San Andrés,75,CO,1617714128,74,12.5847,-81.7006,80.6,11.5
Damietta,0,EG,1617714294,78,31.4165,31.8133,73.4,3.44
Havøysund,75,NO,1617714295,86,70.9963,24.6622,33.8,19.57
Vardø,0,NO,1617714295,65,70.3705,31.1107,37.4,25.32
Morón,0,AR,1617714295,75,-34.6534,-58.6198,80.01,1.99
Meulaboh,100,ID,1617714296,84,4.1363,96.1285,78.75,1.57
Sept-Îles,90,CA,1617714296,93,50.2001,-66.3821,44.6,8.05
Byron Bay,100,AU,1617714296,94,-28.65,153.6167,69.8,11.5
Zhangjiakou Shi Xuanhua Qu,96,CN,1617714297,27,40.6103,115.0447,58.01,7.43
Manyana,99,BW,1617714297,22,-23.4,21.7167,86.2,9.53
Ghogha,1,IN,1617714297,17,21.6833,72.2833,100.4,12.66
Mogadishu,20,SO,1617714298,62,2.0371,45.3438,87.8,10.36
Gunnedah,90,AU,1617714298,79,-30.9833,150.25,68.0,5.01
Dingle,100,PH,1617714299,81,10.9995,122.6711,77.36,6.38
Kibre Mengist,85,ET,1617714299,57,5.8833,38.9833,72.79,9.89
Lakki,99,PK,1617714082,37,32.6079,70.9114,76.37,6.22
Dutse,100,NG,1617714299,6,11.7594,9.3392,103.8,8.72
Carnarvon,52,AU,1617714300,73,-24.8667,113.6333,78.8,14.97
Shirokiy,30,RU,1617714300,53,49.758,129.523,23.02,15.84
Cururupu,28,BR,1617714300,57,-1.8283,-44.8683,87.64,6.87
Killybegs,20,IE,1617714301,70,54.6333,-8.45,45.0,13.8
Røros,90,NO,1617714189,80,62.5747,11.3842,32.0,36.62
Yellowknife,90,CA,1617714087,93,62.456,-114.3525,19.4,14.97
San Cristobal,40,VE,1617714301,94,7.7669,-72.225,77.0,2.3
Faanui,100,PF,1617714302,67,-16.4833,-151.75,80.19,9.98
Presque Isle,90,US,1617714302,100,46.6811,-68.0159,42.8,9.22
Gif-sur-Yvette,0,FR,1617714302,49,48.6833,2.1333,46.0,14.97
Koronowo,75,PL,1617714303,56,53.3137,17.937,41.0,13.8
Airai,45,TL,1617714303,90,-8.9266,125.4092,60.39,1.66
Cairns,75,AU,1617714083,83,-16.9167,145.7667,79.0,3.44
Japura,91,ID,1617714303,90,-0.3167,102.35,76.69,3.0
Baghdad,0,IQ,1617714296,21,33.3406,44.4009,86.0,11.5
Zinder,0,NE,1617714304,11,13.8072,8.9881,102.2,4.61
Kahului,90,US,1617714304,94,20.8947,-156.47,68.0,12.66
Northam,100,GB,1617714305,63,51.0333,-4.2167,44.01,8.99
Klyuchi,100,RU,1617714305,77,52.2667,79.1667,37.67,7.07
Vila,0,PT,1617714305,45,42.0304,-8.1588,68.0,3.0
Songea,75,TZ,1617714306,78,-10.6833,35.65,73.4,11.5
Phanom Sarakham,83,TH,1617714306,100,13.7479,101.3553,84.99,5.17
Port Macquarie,90,AU,1617714305,100,-31.4333,152.9167,68.0,2.3
Bucerías,20,MX,1617714307,88,20.75,-105.3333,68.0,2.82
Nainpur,1,IN,1617714307,10,22.4333,80.1167,94.03,2.73
Anadyr,0,RU,1617714307,77,64.75,177.4833,-13.0,11.18
Coolum Beach,100,AU,1617714308,99,-26.5333,153.1,69.01,1.99
Buin,3,CL,1617714308,87,-33.7333,-70.75,66.0,0.76
Dunedin,35,NZ,1617714308,82,-45.8742,170.5036,55.99,3.0
Guantánamo,75,CU,1617714033,73,20.1444,-75.2092,73.4,8.05
Sorong,100,ID,1617714309,73,-0.8833,131.25,83.07,7.72
Kaeo,100,NZ,1617714309,92,-35.1,173.7833,61.0,1.99
Leshukonskoye,100,RU,1617714309,74,64.8989,45.7622,42.71,13.47
Salalah,0,OM,1617714310,55,17.0151,54.0924,87.8,6.91
Egvekinot,0,RU,1617714310,79,66.3167,-179.1667,-9.96,9.31
Chernyshevskiy,100,RU,1617714311,96,63.0128,112.4714,19.49,4.5
Chapais,1,CA,1617714165,64,49.7834,-74.8492,30.2,3.06
Tarakan,66,ID,1617714311,73,3.3,117.6333,81.66,5.46
The Valley,40,AI,1617714312,73,18.217,-63.0578,82.4,10.36
Thunder Bay,90,CA,1617714312,100,48.4001,-89.3168,42.8,5.75
Kaspi,40,GE,1617714312,47,41.9252,44.4257,59.0,25.32
Roald,75,NO,1617714313,93,62.5833,6.1333,35.6,9.22
Khovd,83,MN,1617714313,21,48.0056,91.6419,45.18,2.39
Kronach,100,DE,1617714313,71,50.2396,11.3331,39.99,5.99
Laas,20,IT,1617714314,37,46.6166,10.7002,51.8,9.22
Stade,99,DE,1617714314,81,53.6,9.4833,43.0,19.42
Zarubino,0,RU,1617714315,49,42.63,131.0922,44.73,8.75
Riyadh,0,SA,1617714157,6,24.6877,46.7219,87.8,4.61
Tocopilla,16,CL,1617714315,69,-22.092,-70.1979,71.94,10.27
Los Llanos de Aridane,40,ES,1617714316,64,28.6585,-17.9182,69.8,8.05
Ambilobe,100,MG,1617714316,81,-13.2,49.05,82.38,4.09
Madridejos,0,ES,1617714316,21,39.4682,-3.532,72.0,9.22
Noyabrsk,100,RU,1617714317,99,63.1994,75.4507,32.22,6.67
Malakal,6,SS,1617714317,4,9.5334,31.6605,104.76,5.1
Kolokani,0,ML,1617714317,4,13.5728,-8.0339,105.17,13.94
Saiha,3,IN,1617714318,57,22.4833,92.9667,72.09,1.01
Plettenberg Bay,68,ZA,1617714318,71,-34.0527,23.3716,67.96,17.81
La Tuque,100,CA,1617714318,75,47.4334,-72.7824,33.8,1.14
Saldanha,78,ZA,1617714319,41,-33.0117,17.9442,78.8,4.61
Merrill,1,US,1617714319,100,45.1805,-89.6835,57.99,5.41
Neryungri,100,RU,1617714319,99,56.6709,124.6491,-3.87,3.56
Karlshamn,75,SE,1617714320,42,56.1706,14.8619,48.0,12.66
Coyhaique,75,CL,1617714320,82,-45.5752,-72.0662,51.8,4.61
Verkhovazh'ye,74,RU,1617714320,71,60.7472,42.0465,43.61,14.09
Câmara de Lobos,20,PT,1617714317,64,32.6333,-16.9667,68.0,14.97
San Ignacio,0,BZ,1617714321,94,17.1561,-89.0714,72.0,4.61
Salinas,90,US,1617714039,76,36.6777,-121.6555,51.8,3.44
Rena,100,NO,1617714321,47,61.1348,11.3641,39.92,10.22
Patos,100,BR,1617714322,40,-7.0244,-37.28,88.25,12.88
Grindavik,0,IS,1617714322,59,63.8424,-22.4338,26.6,8.05
Chipinge,0,ZW,1617714322,41,-20.1883,32.6236,75.34,10.09
Itupiranga,75,BR,1617714323,70,-5.1347,-49.3267,87.8,6.91
Ol'ga,93,RU,1617714323,78,43.7444,135.2892,42.21,1.54
Bac Lieu,36,VN,1617714323,71,9.285,105.7244,82.26,13.33
Nueva Loja,75,EC,1617714324,88,0.0847,-76.8828,77.0,2.3
Kiruna,75,SE,1617714324,100,67.8557,20.2251,32.0,9.22
Touros,75,BR,1617714324,65,-5.1989,-35.4608,84.2,11.5
Balabac,63,PH,1617714325,75,7.9868,117.0645,82.17,12.71
Pinawa,7,CA,1617714325,82,50.1489,-95.8811,32.77,3.09
Iglesias,40,IT,1617714325,49,39.3114,8.535,68.0,18.41
Kaitong,0,CN,1617714316,14,44.8135,123.15,43.72,16.82
Ladozhskaya,40,RU,1617714326,55,45.3081,39.935,60.8,15.66
Mabaruma,75,GY,1617714326,94,8.2,-59.7833,78.8,9.22
Cartagena del Chairá,98,CO,1617714327,92,1.3349,-74.8429,73.42,1.12
Sitka,90,US,1617714327,80,57.0531,-135.33,35.6,14.97
Kazlų Rūda,75,LT,1617714328,65,54.7667,23.5,42.8,12.66
Săcălaz,90,RO,1617714328,100,45.7583,21.1122,39.0,13.8
La Santisima Trinidad,100,BO,1617714328,89,-14.8333,-64.9,80.6,1.57
Havre-St-Pierre,75,CA,1617714328,81,50.2334,-63.5986,46.4,24.16
Margate,95,GB,1617714329,33,51.3813,1.3862,45.0,8.01
Lae,96,PG,1617714329,81,-6.7221,146.9847,78.96,1.61
Goderich,99,CA,1617714329,57,43.7501,-81.7165,48.2,9.22
Xining,100,CN,1617714330,55,36.6167,101.7667,43.38,12.17
San Patricio,75,US,1617714330,94,28.017,-97.5169,71.01,12.66
Stromness,75,GB,1617714330,75,58.965,-3.296,35.6,42.57
Xiazhen,100,CN,1617714331,52,34.8022,117.1117,57.67,2.59
Yar-Sale,100,RU,1617714331,94,66.8333,70.8333,30.58,15.32
Kommunisticheskiy,34,RU,1617714331,81,61.6789,64.4819,35.31,7.16
Casa Blanca,50,MX,1617714332,78,18.15,-97.1333,63.68,0.2
Okhotsk,28,RU,1617714332,86,59.3833,143.3,7.39,3.85
Ouadda,27,CF,1617714332,8,8.0777,22.4007,105.24,6.82
Sakakah,0,SA,1617714333,5,29.9697,40.2064,89.6,17.27
Fershampenuaz,100,RU,1617714333,99,53.5202,59.8117,33.04,6.73
Yining,100,CN,1617714333,98,29.0361,114.5636,59.27,2.91
Carinhanha,97,BR,1617714334,46,-14.3047,-43.765,85.19,7.23
Paraíso,0,CR,1617714334,64,9.8383,-83.8656,69.8,13.8
La Macarena,100,CO,1617714334,99,2.1837,-73.7849,70.43,1.32
Furano,100,JP,1617714335,87,43.2818,142.4743,28.49,4.5
Najrān,2,SA,1617714335,13,17.4924,44.1277,86.0,12.66
Rørvik,75,NO,1617714190,81,64.8621,11.2373,39.2,24.16
Hīt,0,IQ,1617714335,15,33.6416,42.8251,84.24,5.17
Sibolga,68,ID,1617714336,87,1.7427,98.7792,78.19,2.46
Bilma,0,NE,1617714336,3,18.6853,12.9164,97.66,5.53
Shouguang,98,CN,1617714337,42,36.88,118.7375,53.71,6.44
Olginskaya,0,RU,1617714337,61,47.1879,39.9492,48.99,13.42
Bayaguana,75,DO,1617714337,94,18.7564,-69.6362,75.2,4.61
Tagusao,72,PH,1617714338,78,9.1924,117.8141,80.02,5.03
Skanderborg,20,DK,1617714338,51,56.0399,9.9272,44.01,10.0
Tytuvėnai,40,LT,1617714338,61,55.6,23.2,42.8,13.8
Palmer,20,US,1617714338,40,42.1584,-72.3287,50.0,13.8
Dalbandin,0,PK,1617714339,4,28.8947,64.4101,79.29,20.47
Mbaïki,100,CF,1617714339,23,3.8678,17.9892,99.3,6.51
Walvis Bay,0,NA,1617714195,36,-22.9575,14.5053,82.4,14.97
Ahipara,100,NZ,1617714340,93,-35.1667,173.1667,63.05,7.05
Kununurra,75,AU,1617714340,78,-15.7667,128.7333,78.8,3.38
Hamīrpur,10,IN,1617714340,8,25.95,80.15,100.49,7.58
Sawākin,15,SD,1617714341,62,19.1059,37.3321,83.59,11.36
Nikel,75,RU,1617714341,60,69.4128,30.222,37.4,14.97
Nouadhibou,0,MR,1617714341,44,20.931,-17.0347,78.8,20.71
Paraná,7,AR,1617714074,72,-31.732,-60.5238,77.0,4.0
Batagay-Alyta,16,RU,1617714342,98,67.8006,130.4114,-22.56,5.93
Udachny,100,RU,1617714342,94,66.4167,112.4,17.19,12.59
Newala,88,TZ,1617714342,90,-10.9431,39.2787,73.38,3.49
Anloga,20,GH,1617714343,62,5.7947,0.8973,91.4,13.8
Tevriz,100,RU,1617714343,80,57.509,72.4042,36.61,11.56
Lotofaga,75,WS,1617714344,94,-13.9764,-171.8578,75.2,4.61
Jalu,82,LY,1617714344,25,29.0331,21.5482,85.46,17.13
Isla Mujeres,40,MX,1617714344,61,21.2311,-86.731,78.8,9.22
Ibirubá,6,BR,1617714344,59,-28.6275,-53.0897,74.17,3.89
Mayumba,100,GA,1617714345,74,-3.432,10.6554,82.92,6.22
Kamaishi,100,JP,1617714345,73,39.2667,141.8833,38.1,2.55
Tel Aviv-Yafo,0,IL,1617714345,7,32.0805,34.7805,96.8,6.91
Lebyazh'ye,74,RU,1617714346,79,55.2689,66.4947,35.13,13.38
Kichera,93,RU,1617714346,92,55.9375,110.0997,23.25,1.88
North Bend,1,US,1617714300,93,43.4065,-124.2243,37.4,6.44
Ténenkou,1,ML,1617714347,4,14.4572,-4.9169,105.96,14.56
Cabedelo,40,BR,1617714109,83,-6.9811,-34.8339,80.6,8.05
Oistins,75,BB,1617714120,61,13.0667,-59.5333,82.4,16.11
Oranjestad,40,AW,1617714256,70,12.524,-70.027,84.2,19.57
Maţāy,27,EG,1617714347,4,28.419,30.7792,93.51,7.18
Gizo Government Station,100,SB,1617714348,77,-8.103,156.8419,82.81,6.85
Palmerston North,1,NZ,1617714348,87,-40.35,175.6167,53.01,1.01
Vanimo,100,PG,1617714348,87,-2.6741,141.3028,77.67,2.62
Banyo,98,CM,1617714349,15,6.75,11.8167,95.36,6.2
Renqiu,49,CN,1617714349,32,38.6989,116.0936,58.95,7.05
Ayagoz,39,KZ,1617714349,59,47.9714,80.4392,45.18,2.68
Dingzhou,0,CN,1617714350,58,38.5131,114.9956,55.4,2.24
Province of Mantua,75,IT,1617714258,53,45.1667,10.7833,46.4,20.71
Zhangaözen,24,KZ,1617714350,33,43.3,52.8,66.47,23.13
Dawei,37,MM,1617714351,81,14.0833,98.2,78.93,0.34
Dubbo,4,AU,1617714351,82,-32.25,148.6167,64.4,9.22
Moose Factory,1,CA,1617714351,51,51.2585,-80.6094,33.8,10.36
Verkhoyansk,28,RU,1617714352,94,67.5447,133.385,-15.5,2.75
Virginia Beach,6,US,1617714235,53,36.8529,-75.978,61.0,4.0
Sawtell,75,AU,1617714352,94,-30.3833,153.1,66.2,2.3
Onalaska,1,US,1617714352,72,43.8844,-91.2351,62.6,3.44
Slave Lake,1,CA,1617714353,80,55.2834,-114.769,32.0,2.95
Heraclea,100,TR,1617714353,19,37.5133,34.0467,71.56,13.96
The Pas,1,CA,1617714267,86,53.8251,-101.2541,26.6,0.54
Kuching,20,MY,1617714354,83,1.55,110.3333,82.4,4.61
Sabang,100,ID,1617714354,76,5.8933,95.3214,81.93,10.36
Wanning,35,CN,1617714354,90,18.8003,110.3967,75.27,8.72
Kuopio,75,FI,1617714355,64,62.8924,27.677,35.6,18.41
Shelburne,99,CA,1617714355,52,44.0787,-80.2041,44.01,8.88
Mae Hong Son,40,TH,1617714184,88,19.3003,97.9685,69.8,3.44
Aswān,0,EG,1617714355,6,24.0934,32.907,95.67,6.58
Poum,54,NC,1617714356,75,-20.2333,164.0167,78.39,20.92
Amalāpuram,40,IN,1617714356,62,16.5833,82.0167,87.8,8.05
Mlonggo,40,ID,1617714356,79,-6.5333,110.7,84.2,5.75
San Quintín,31,MX,1617714357,86,30.4833,-115.95,57.33,11.27
Falmouth,40,GB,1617714357,53,50.1544,-5.0711,46.0,16.11
Carutapera,97,BR,1617714357,78,-1.195,-46.02,83.26,8.1
Zeya,100,RU,1617714358,70,53.75,127.2667,14.86,13.18
Aasiaat,100,GL,1617714358,92,68.7098,-52.8699,20.08,9.06
Sāveh,0,IR,1617714358,11,35.0213,50.3566,80.64,12.15
Bodden Town,20,KY,1617714359,73,19.2833,-81.25,78.8,13.8
Aquiraz,40,BR,1617714359,66,-3.9014,-38.3911,86.0,16.11
Contamana,100,PE,1617714359,91,-7.3333,-75.0167,75.29,0.81
Manali,20,IN,1617714360,65,13.1667,80.2667,84.2,6.91
Subate,48,LV,1617714360,60,56.0062,25.9076,41.59,13.65
Kostanay,90,KZ,1617714360,93,53.1667,63.5833,33.8,13.42
Cooma,90,AU,1617714326,100,-36.2333,149.1333,59.0,4.61
Bulawayo,0,ZW,1617714361,29,-20.15,28.5833,81.32,12.28
Cayenne,75,GF,1617714307,79,4.9333,-52.3333,84.2,11.5
Dourbali,1,TD,1617714361,6,11.8091,15.8632,107.67,11.72
Chengde,8,CN,1617714317,26,40.9725,117.9361,56.43,3.6
Boma,10,GH,1617714362,30,7.0805,-2.1697,101.77,2.3
Milići,90,BA,1617714362,93,44.1711,19.0903,32.0,5.75
Zhigansk,24,RU,1617714362,99,66.7697,123.3711,-9.6,8.93
Nerchinskiy Zavod,0,RU,1617714363,35,51.3088,119.61,23.85,2.3
Bongandanga,100,CD,1617714363,49,1.5,21.05,88.74,5.23
Paamiut,100,GL,1617714363,98,61.994,-49.6678,33.8,7.43
Brønnøysund,40,NO,1617714364,70,65.4625,12.1997,42.8,31.07
Kumbo,100,CM,1617714364,22,6.2,10.6667,84.38,6.17
Snåase,75,NO,1617714364,70,64.2457,12.3778,41.0,9.22
Buala,100,SB,1617714365,82,-8.145,159.5921,80.22,5.86
Suntar,100,RU,1617714365,87,62.1444,117.6319,11.79,5.01
kimparana,90,ML,1617714365,4,12.8347,-4.9244,105.04,9.55
Bonthe,59,SL,1617714366,65,7.5264,-12.505,86.41,10.89
Lompoc,98,US,1617714366,87,34.6391,-120.4579,48.2,5.75
Outlook,91,CA,1617714366,74,51.5001,-107.0513,33.8,8.05
Río Blanco,4,MX,1617714367,73,18.8333,-97.15,61.84,3.15
Kristinestad,100,FI,1617714367,94,62.2743,21.376,33.49,12.97
Coxim,78,BR,1617714290,41,-18.5067,-54.76,88.77,6.58
Hasaki,40,JP,1617714368,81,35.7333,140.8333,50.0,9.22
San Policarpo,81,PH,1617714368,82,12.1791,125.5072,78.82,11.41
Alugan,78,PH,1617714368,83,12.2188,125.4808,78.26,10.87
Biak,23,ID,1617714369,80,-0.9131,122.8766,77.97,4.72
Kysyl-Syr,83,RU,1617714369,98,63.8986,122.7617,-10.28,2.84
Garmsār,0,IR,1617714369,12,35.2182,52.3409,78.93,8.43
Dalaba,0,GN,1617714370,21,10.7,-12.25,92.66,1.36
Merauke,100,ID,1617714370,81,-8.4667,140.3333,81.01,6.91
Mēga,94,ET,1617714370,57,4.05,38.3,71.04,13.2
Río Gallegos,75,AR,1617714371,76,-51.6226,-69.2181,50.0,21.85
Hambantota,20,LK,1617714371,84,6.1241,81.1185,84.2,5.75
Abadan,40,TM,1617714371,17,38.0507,58.2056,80.6,6.91
Zhuji,0,CN,1617714372,59,29.7188,120.2423,60.8,13.42
Chumikan,100,RU,1617714372,76,54.7183,135.315,22.78,24.52
Gashua,30,NG,1617714372,6,12.871,11.0482,104.83,9.82
Port-Gentil,40,GA,1617714373,70,-0.7193,8.7815,86.0,12.66
Kavaratti,55,IN,1617714373,69,10.5669,72.642,84.34,9.71
Muroto-misakicho,100,JP,1617714373,87,33.2833,134.15,56.95,14.67
Constitución,100,CL,1617714221,77,-35.3333,-72.4167,59.52,4.56
At-Bashi,100,KG,1617714374,63,41.1702,75.8106,40.6,5.88
Bālurghāt,67,IN,1617714374,16,25.2167,88.7667,89.89,10.74
Lata,10,PT,1617714375,43,40.1629,-8.3327,78.01,7.14
Mgachi,100,RU,1617714375,94,51.05,142.2667,26.65,6.11
Cockburn Town,91,TC,1617714375,66,21.4612,-71.1419,73.65,18.3
Westport,1,US,1617714376,32,41.1415,-73.3579,51.8,14.97
Gouré,10,NE,1617714376,5,13.9835,10.2704,102.0,7.0
Mayo,75,US,1617714375,35,38.8876,-76.5119,59.0,5.75
Flinders,11,AU,1617714376,91,-34.5833,150.8552,70.0,1.01
Saint Anthony,1,US,1617714377,62,45.0205,-93.218,51.8,8.05
Urmia,75,IR,1617714377,19,37.5527,45.0761,69.8,13.8
Acajutla,97,SV,1617714314,85,13.5928,-89.8275,68.0,5.14
Itanhaém,20,BR,1617714143,69,-24.1831,-46.7889,78.8,1.14
Soro,0,IN,1617714378,53,21.2881,86.6858,84.49,14.41
Salekhard,13,RU,1617714378,90,66.53,66.6019,24.96,4.92
Praia da Vitória,75,PT,1617714378,94,38.7333,-27.0667,62.01,18.59
Akom,100,CM,1617714379,41,2.6678,12.7109,90.41,2.17
Yagodnoye,100,RU,1617714379,97,62.55,149.6667,3.6,2.3
Ponta do Sol,100,PT,1617714379,62,32.6667,-17.1,64.0,11.99
Argelia,93,CO,1617714380,92,2.2556,-77.2488,68.09,1.23
Camacha,20,PT,1617714380,68,33.0833,-16.3333,66.2,10.36
Nantucket,90,US,1617714380,76,41.2835,-70.0995,46.4,16.11
Basco,100,PH,1617714381,73,20.4487,121.9702,74.59,21.7
